Customer_ID,Age,Monthly_Income,Loan_Amount,Credit_Score,Employment_Type,Previous_Loan,Loan_Default
1001,59,77761,252043,776,Business,No,Yes
1002,49,56368,271427,361,Salaried,Yes,NO
1003,35,26783,111929,731,Business,Yes,NO
1004,28,61914,283483,567,Business,No,Yes
1005,41,90507,278590,334,Business,No,Yes
1006,59,99026,411008,793,Salaried,Yes,Yes
1007,39,87526,193401,768,Salaried,Yes,Yes
1008,43,90835,306677,624,Business,Yes,Yes
1009,31,65765,337313,603,Self-Employed,Yes,Yes
1010,31,39956,137468,575,Business,Yes,NO
1011,44,66240,84594,500,Salaried,Yes,Yes
1012,56,57148,241703,744,Salaried,No,NO
1013,44,24757,95033,623,Salaried,Yes,Yes
1014,23,39097,113133,334,Business,Yes,NO
1015,42,30395,123861,781,Self-Employed,Yes,NO
1016,22,36241,233362,779,Salaried,Yes,NO
1017,44,47696,343894,364,Salaried,No,Yes
1018,50,90480,90461,307,Business,No,Yes
1019,58,66163,128222,600,Self-Employed,Yes,Yes
1020,22,39816,162020,642,Business,No,Yes
1021,41,69840,336370,730,Salaried,No,NO
1022,53,72853,318865,723,Self-Employed,No,Yes
1023,32,44917,499370,631,Self-Employed,No,NO
1024,42,41566,70609,737,Salaried,No,NO
1025,45,95452,495346,473,Self-Employed,No,Yes
1026,47,82823,180513,826,Self-Employed,Yes,Yes
1027,48,40806,253981,325,Business,Yes,Yes
1028,36,95520,154211,705,Salaried,Yes,NO
1029,35,21759,236321,531,Salaried,Yes,Yes
1030,23,61949,492111,832,Salaried,Yes,NO
1031,57,22482,448872,849,Salaried,No,Yes
1032,27,44442,437009,804,Salaried,Yes,NO
1033,41,53719,386664,478,Self-Employed,Yes,Yes
1034,29,78066,376453,431,Business,No,Yes
1035,59,22079,79984,754,Salaried,No,NO
1036,38,22717,168947,647,Business,Yes,Yes
1037,24,79676,254894,839,Business,No,Yes
1038,45,47952,55901,705,Self-Employed,No,Yes
1039,34,62460,212624,375,Salaried,No,Yes
1040,29,92847,272317,791,Self-Employed,No,Yes
1041,46,38449,343199,493,Salaried,Yes,Yes
1042,22,53536,218757,461,Self-Employed,No,Yes
1043,40,84077,195788,646,Business,Yes,NO
1044,48,58258,164099,660,Salaried,Yes,NO
1045,27,68302,61138,386,Business,No,Yes
1046,28,48865,216370,561,Business,No,Yes
1047,55,26645,494328,513,Self-Employed,No,Yes
1048,34,58000,73429,561,Salaried,Yes,NO
1049,37,46737,100200,582,Business,No,NO
1050,56,31485,252380,766,Self-Employed,No,Yes
1051,24,58565,491460,679,Salaried,No,NO
1052,22,45522,298289,661,Salaried,No,Yes
1053,26,85155,295127,748,Business,No,Yes
1054,24,75168,413412,740,Salaried,Yes,Yes
1055,49,72487,286513,392,Business,No,Yes
1056,38,32342,67347,723,Salaried,No,NO
1057,46,60806,197992,441,Self-Employed,No,NO
1058,54,68770,81822,590,Business,Yes,Yes
1059,30,98623,489875,731,Business,No,NO
1060,56,95629,90108,348,Salaried,Yes,NO
1061,34,72603,441099,601,Salaried,Yes,Yes
1062,51,46399,57967,489,Business,No,NO
1063,35,96534,422863,435,Salaried,No,Yes
1064,28,75106,61871,703,Self-Employed,No,Yes
1065,34,50678,275371,640,Salaried,Yes,Yes
1066,43,96218,258524,617,Self-Employed,Yes,Yes
1067,41,83230,255342,662,Self-Employed,Yes,NO
1068,36,94055,214685,681,Self-Employed,Yes,Yes
1069,38,76373,78179,532,Self-Employed,Yes,NO
1070,44,51480,301537,643,Self-Employed,Yes,Yes
1071,46,88836,233260,848,Salaried,No,Yes
1072,45,92258,367243,828,Self-Employed,No,NO
1073,49,59986,85262,482,Salaried,Yes,Yes
1074,35,44160,390357,340,Self-Employed,No,NO
1075,21,99111,429551,696,Business,No,NO
1076,45,84929,461484,793,Self-Employed,Yes,Yes
1077,27,93506,398413,632,Business,Yes,Yes
1078,29,54911,110545,426,Self-Employed,No,Yes
1079,44,51821,284555,300,Self-Employed,Yes,Yes
1080,21,95039,273894,467,Self-Employed,Yes,Yes
1081,28,80535,253218,318,Business,No,Yes
1082,44,32175,352066,631,Business,Yes,NO
1083,31,74771,92913,755,Self-Employed,No,NO
1084,37,86358,409177,408,Salaried,No,Yes
1085,28,37327,416936,567,Self-Employed,No,NO
1086,55,67057,300497,744,Business,No,NO
1087,55,26150,498893,539,Self-Employed,No,Yes
1088,53,24425,493057,600,Business,Yes,Yes
1089,25,36032,227404,402,Business,Yes,NO
1090,59,22198,432007,549,Business,Yes,Yes
1091,48,80500,206104,752,Self-Employed,Yes,NO
1092,27,73394,218918,819,Business,No,Yes
1093,29,40079,240546,452,Business,No,NO
1094,28,56220,94936,473,Self-Employed,Yes,NO
1095,32,61874,210866,642,Business,No,NO
1096,54,33859,242660,730,Self-Employed,Yes,NO
1097,53,70460,252056,623,Business,Yes,Yes
1098,43,51419,493547,719,Salaried,Yes,Yes
1099,44,28705,275469,784,Salaried,No,NO
1100,57,62880,78141,711,Business,No,NO
1101,55,43236,452290,383,Salaried,No,Yes
1102,42,35358,187478,412,Self-Employed,No,Yes
1103,47,96918,147359,631,Salaried,Yes,NO
1104,55,34596,435423,677,Business,No,NO
1105,21,53572,204363,340,Business,No,NO
1106,55,98757,91568,404,Self-Employed,No,NO
1107,57,21279,147539,501,Business,Yes,NO
1108,34,83197,96851,749,Self-Employed,Yes,Yes
1109,23,82516,104823,565,Salaried,No,NO
1110,21,27083,73312,509,Salaried,No,Yes
1111,25,37771,486324,417,Self-Employed,No,Yes
1112,46,49975,477387,676,Self-Employed,No,Yes
1113,34,65648,484995,839,Business,Yes,NO
1114,59,68285,249900,383,Salaried,No,Yes
1115,47,39063,410867,753,Self-Employed,No,Yes
1116,29,87642,324555,813,Salaried,No,Yes
1117,35,57599,299062,686,Self-Employed,Yes,Yes
1118,35,71920,369153,649,Salaried,Yes,NO
1119,46,48529,458638,595,Business,No,NO
1120,33,55954,485684,557,Salaried,No,Yes
1121,52,47856,82371,380,Salaried,No,Yes
1122,59,22573,107022,567,Salaried,No,NO
1123,52,98344,383373,718,Salaried,No,NO
1124,24,55367,149071,534,Salaried,Yes,NO
1125,50,80774,232268,610,Business,Yes,Yes
1126,57,43752,408918,656,Self-Employed,Yes,NO
1127,43,75029,338859,512,Salaried,No,Yes
1128,59,37685,339749,348,Business,Yes,Yes
1129,35,71693,149853,426,Salaried,Yes,NO
1130,49,75961,81174,522,Salaried,Yes,Yes
1131,56,96908,453172,578,Self-Employed,No,NO
1132,33,94532,126373,707,Salaried,No,Yes
1133,52,76133,381396,804,Business,Yes,NO
1134,27,81268,243021,593,Business,No,Yes
1135,42,58243,243718,576,Self-Employed,Yes,Yes
1136,48,77384,120017,737,Salaried,Yes,NO
1137,22,51653,113037,406,Business,Yes,NO
1138,26,46657,139818,719,Salaried,Yes,NO
1139,48,59952,56548,728,Salaried,No,NO
1140,48,42180,166981,674,Salaried,No,Yes
1141,40,98411,284213,372,Self-Employed,No,NO
1142,50,21622,254366,329,Salaried,No,NO
1143,31,68756,204249,487,Business,Yes,Yes
1144,48,60809,336166,663,Salaried,No,NO
1145,45,36725,156297,750,Business,Yes,NO
1146,59,81396,186614,494,Salaried,No,Yes
1147,53,71226,272084,455,Business,No,NO
1148,21,49402,110428,471,Business,No,NO
1149,47,24263,203812,340,Salaried,Yes,NO
1150,33,66828,371497,362,Salaried,Yes,NO
1151,23,67924,163132,322,Business,Yes,NO
1152,59,94182,237604,659,Self-Employed,Yes,NO
1153,26,79052,66052,374,Salaried,No,Yes
1154,28,31664,150689,417,Self-Employed,Yes,NO
1155,47,55737,228148,679,Salaried,Yes,Yes
1156,29,49373,496636,589,Salaried,No,Yes
1157,57,56397,181743,739,Salaried,No,Yes
1158,53,58709,312307,306,Salaried,Yes,Yes
1159,44,81120,353568,495,Self-Employed,No,NO
1160,35,39250,496960,720,Salaried,Yes,NO
1161,52,41172,453850,492,Business,No,NO
1162,52,31555,185870,447,Business,Yes,Yes
1163,44,98617,334564,501,Self-Employed,Yes,NO
1164,32,73276,170575,743,Salaried,Yes,NO
1165,59,77492,308230,718,Business,Yes,NO
1166,22,73002,341444,726,Self-Employed,Yes,Yes
1167,23,92355,402025,778,Salaried,No,Yes
1168,57,44762,60749,774,Business,Yes,NO
1169,37,31046,154131,425,Business,Yes,Yes
1170,22,48769,206193,694,Self-Employed,Yes,Yes
1171,22,73302,440707,624,Salaried,Yes,NO
1172,48,43150,349631,691,Salaried,Yes,Yes
1173,43,88247,275019,739,Business,No,Yes
1174,57,24853,476577,503,Business,No,NO
1175,52,41792,333367,785,Business,Yes,Yes
1176,53,79129,122930,330,Salaried,No,Yes
1177,21,94478,195128,687,Self-Employed,Yes,Yes
1178,39,87298,340524,733,Self-Employed,No,Yes
1179,22,51987,338179,675,Salaried,No,Yes
1180,46,35850,342764,643,Self-Employed,Yes,Yes
1181,52,32112,463093,742,Business,No,Yes
1182,26,44058,306553,374,Self-Employed,No,Yes
1183,52,65420,498532,454,Self-Employed,Yes,NO
1184,24,58890,245113,729,Self-Employed,Yes,NO
1185,31,86017,429504,662,Business,No,NO
1186,37,67304,103352,747,Salaried,No,NO
1187,58,52921,474127,533,Business,No,Yes
1188,44,21524,213856,561,Salaried,Yes,NO
1189,25,35048,53191,424,Salaried,No,NO
1190,54,55111,476376,544,Salaried,No,Yes
1191,26,57904,402680,841,Self-Employed,No,Yes
1192,42,74912,154576,784,Self-Employed,Yes,Yes
1193,31,54008,245713,421,Salaried,Yes,Yes
1194,36,20060,492939,424,Salaried,Yes,Yes
1195,53,94666,53631,848,Self-Employed,Yes,NO
1196,29,75337,187244,469,Business,No,Yes
1197,26,33350,354224,423,Salaried,Yes,NO
1198,36,44354,270169,334,Business,No,NO
1199,49,65186,140353,386,Self-Employed,No,Yes
1200,23,48145,463497,500,Salaried,No,NO
1201,40,54020,78671,668,Business,No,NO
1202,56,95186,172811,376,Business,Yes,Yes
1203,39,40581,232503,358,Business,Yes,NO
1204,46,43051,271972,730,Self-Employed,Yes,NO
1205,23,71474,303211,799,Self-Employed,Yes,NO
1206,39,89626,439878,408,Business,Yes,Yes
1207,40,26960,274033,577,Business,No,Yes
1208,52,55772,471818,367,Self-Employed,Yes,Yes
1209,27,41520,269861,368,Business,Yes,NO
1210,53,69481,363543,464,Business,Yes,Yes
1211,59,56408,204544,788,Self-Employed,Yes,NO
1212,38,77134,230302,604,Business,No,Yes
1213,21,40491,57099,664,Business,No,NO
1214,31,21341,299686,678,Business,No,Yes
1215,48,64623,468647,642,Self-Employed,No,Yes
1216,45,20338,106492,653,Business,No,NO
1217,43,91431,146722,715,Self-Employed,Yes,Yes
1218,51,32254,490900,408,Self-Employed,No,NO
1219,50,71860,80111,796,Salaried,No,Yes
1220,55,31344,113936,640,Salaried,No,Yes
1221,27,21750,203686,682,Business,Yes,NO
1222,36,74756,273332,832,Self-Employed,Yes,NO
1223,46,87957,485207,599,Salaried,No,NO
1224,22,78053,251548,438,Business,Yes,Yes
1225,21,90855,299031,658,Salaried,Yes,NO
1226,32,35896,373064,798,Salaried,No,Yes
1227,25,75761,113530,684,Self-Employed,Yes,NO
1228,57,82552,479440,579,Self-Employed,Yes,NO
1229,52,97454,319932,782,Salaried,Yes,NO
1230,29,47935,78082,410,Salaried,No,NO
1231,55,57641,435431,438,Self-Employed,No,NO
1232,39,49711,139570,734,Business,No,NO
1233,36,90342,151015,808,Self-Employed,Yes,Yes
1234,23,32182,257888,572,Salaried,No,NO
1235,40,76276,395732,398,Business,Yes,Yes
1236,44,39541,197603,403,Salaried,Yes,NO
1237,53,64813,400484,513,Business,Yes,NO
1238,44,57198,144439,464,Salaried,No,NO
1239,31,28820,488073,819,Business,No,Yes
1240,28,44070,191214,583,Business,No,Yes
1241,56,89768,165053,816,Salaried,No,NO
1242,58,31122,98355,463,Business,Yes,Yes
1243,40,93543,453082,363,Self-Employed,No,NO
1244,55,61786,251139,390,Salaried,Yes,NO
1245,45,26737,284706,416,Self-Employed,No,Yes
1246,55,56062,175426,566,Salaried,No,Yes
1247,45,74237,114027,439,Business,No,Yes
1248,49,71571,209210,545,Business,Yes,Yes
1249,38,45510,142601,694,Business,Yes,NO
1250,38,39426,79956,786,Salaried,Yes,Yes
1251,22,57265,288340,775,Self-Employed,Yes,Yes
1252,55,37850,154797,816,Self-Employed,Yes,NO
1253,36,86150,437061,483,Salaried,No,Yes
1254,56,94910,438447,319,Salaried,Yes,Yes
1255,53,72375,186511,823,Self-Employed,Yes,Yes
1256,24,55435,490457,828,Self-Employed,Yes,Yes
1257,53,77132,354677,446,Self-Employed,Yes,NO
1258,34,98945,471486,603,Self-Employed,No,NO
1259,41,22983,128815,527,Salaried,Yes,Yes
1260,40,40662,89279,401,Salaried,No,Yes
1261,28,43510,421931,716,Business,No,NO
1262,27,98187,467104,515,Self-Employed,No,Yes
1263,23,60998,198702,706,Business,Yes,Yes
1264,37,76846,111063,698,Salaried,No,Yes
1265,53,26640,299599,798,Salaried,Yes,Yes
1266,32,64547,304311,764,Business,Yes,Yes
1267,42,74620,177896,381,Self-Employed,Yes,Yes
1268,42,35317,216216,664,Self-Employed,Yes,Yes
1269,50,27564,495377,462,Self-Employed,Yes,Yes
1270,58,47345,272146,347,Self-Employed,No,Yes
1271,58,99273,258432,810,Business,No,NO
1272,28,94859,232051,628,Business,Yes,NO
1273,47,94038,147661,415,Salaried,No,NO
1274,47,72393,450195,636,Self-Employed,Yes,Yes
1275,54,86081,469405,446,Self-Employed,No,Yes
1276,41,49430,223672,622,Self-Employed,No,NO
1277,50,95532,173257,742,Business,No,Yes
1278,53,47788,398349,312,Self-Employed,No,NO
1279,48,68543,319054,793,Business,No,Yes
1280,53,33919,359001,586,Self-Employed,Yes,NO
1281,25,89346,84964,413,Self-Employed,Yes,NO
1282,39,59974,468443,779,Salaried,No,NO
1283,24,36371,449194,321,Self-Employed,Yes,Yes
1284,55,65084,329297,648,Self-Employed,No,NO
1285,37,49629,371909,619,Salaried,Yes,Yes
1286,48,71184,280156,425,Business,No,Yes
1287,50,81916,158212,576,Business,No,Yes
1288,49,93972,89071,503,Self-Employed,No,Yes
1289,26,82187,162990,493,Business,Yes,Yes
1290,55,32984,119519,846,Self-Employed,Yes,Yes
1291,57,53039,59503,585,Salaried,No,Yes
1292,44,78606,241775,356,Salaried,No,NO
1293,49,30616,145457,602,Self-Employed,Yes,NO
1294,51,70072,238938,462,Salaried,Yes,NO
1295,55,44574,197977,318,Salaried,Yes,Yes
1296,53,23430,95838,669,Self-Employed,Yes,Yes
1297,41,32676,437344,563,Self-Employed,Yes,Yes
1298,52,30816,139489,412,Salaried,No,Yes
1299,43,52733,76806,787,Business,Yes,NO
1300,53,22050,226072,626,Business,No,Yes
1301,23,53933,465384,841,Self-Employed,No,NO
1302,38,44951,120119,364,Self-Employed,Yes,Yes
1303,45,52413,350858,591,Business,Yes,NO
1304,51,54801,235165,324,Salaried,No,Yes
1305,23,75619,367563,848,Business,Yes,NO
1306,44,52913,492361,300,Business,No,Yes
1307,52,60600,155432,848,Business,Yes,NO
1308,42,77775,405093,440,Business,Yes,Yes
1309,43,55400,445677,487,Self-Employed,Yes,NO
1310,22,24494,457507,427,Self-Employed,No,NO
1311,47,94691,227876,500,Salaried,Yes,Yes
1312,22,63001,389115,426,Salaried,No,NO
1313,46,87364,405615,556,Salaried,Yes,Yes
1314,37,65028,377090,846,Salaried,No,Yes
1315,53,57573,411133,493,Business,Yes,Yes
1316,29,20806,134080,403,Self-Employed,No,NO
1317,59,76638,302791,834,Self-Employed,No,NO
1318,49,49757,127794,564,Salaried,No,Yes
1319,46,54636,342985,683,Salaried,No,Yes
1320,55,68280,174447,559,Business,No,NO
1321,45,44262,170029,713,Business,No,NO
1322,44,82211,229830,657,Salaried,Yes,NO
1323,33,74842,388416,374,Self-Employed,No,Yes
1324,27,76979,87643,654,Self-Employed,No,Yes
1325,56,58197,493624,487,Self-Employed,No,Yes
1326,40,61844,356094,589,Salaried,Yes,Yes
1327,21,84754,237921,344,Self-Employed,Yes,Yes
1328,28,54157,412644,382,Business,Yes,NO
1329,36,97129,209116,422,Business,No,Yes
1330,34,60042,437732,657,Salaried,Yes,NO
1331,32,81665,65997,827,Business,Yes,NO
1332,43,47376,391895,365,Salaried,No,Yes
1333,35,75554,148605,674,Self-Employed,No,NO
1334,48,34199,467127,461,Self-Employed,Yes,Yes
1335,54,70948,367677,679,Self-Employed,No,NO
1336,22,93781,394710,657,Business,No,Yes
1337,52,92750,275942,487,Salaried,No,Yes
1338,43,86262,195643,621,Self-Employed,No,NO
1339,42,66600,158255,749,Salaried,Yes,Yes
1340,45,96898,310298,773,Self-Employed,No,NO
1341,42,82483,108005,312,Business,Yes,Yes
1342,42,38297,267322,483,Business,Yes,Yes
1343,26,50448,239784,410,Salaried,Yes,Yes
1344,35,46172,93541,807,Business,Yes,NO
1345,57,62874,73387,589,Business,No,NO
1346,53,27657,406124,594,Salaried,No,Yes
1347,28,45425,229980,750,Self-Employed,No,NO
1348,25,46685,135457,514,Business,Yes,Yes
1349,59,44578,194129,326,Salaried,Yes,NO
1350,24,48831,114028,530,Business,Yes,NO
1351,26,27906,169246,620,Business,No,Yes
1352,52,81413,367875,532,Business,Yes,Yes
1353,50,74028,205930,736,Business,No,Yes
1354,55,27287,229761,832,Salaried,No,Yes
1355,36,53660,94638,702,Salaried,No,Yes
1356,33,95758,227558,352,Salaried,No,NO
1357,50,80504,70567,612,Business,Yes,NO
1358,39,79720,472955,580,Business,No,Yes
1359,37,54701,107804,330,Business,Yes,Yes
1360,39,37674,420965,636,Salaried,No,Yes
1361,48,43874,53754,482,Business,Yes,NO
1362,46,63642,77044,322,Self-Employed,Yes,Yes
1363,57,85160,117260,843,Business,No,Yes
1364,46,37602,116912,745,Self-Employed,No,NO
1365,43,45931,306695,373,Business,No,NO
1366,29,49192,58706,309,Salaried,Yes,NO
1367,32,66542,321038,783,Business,No,NO
1368,21,62520,461253,755,Self-Employed,No,Yes
1369,21,84772,396130,459,Self-Employed,Yes,NO
1370,54,78762,394086,313,Business,No,NO
1371,52,70106,232684,477,Self-Employed,Yes,Yes
1372,45,45559,79725,711,Self-Employed,No,Yes
1373,21,53742,186998,352,Salaried,Yes,Yes
1374,36,89669,154555,707,Business,Yes,NO
1375,59,41754,311486,321,Business,No,Yes
1376,25,23972,321640,329,Business,Yes,NO
1377,42,90831,106447,559,Self-Employed,No,NO
1378,49,61873,413748,504,Business,No,NO
1379,23,29903,210878,358,Business,Yes,Yes
1380,32,23020,400343,770,Salaried,No,NO
1381,46,61755,91321,765,Salaried,Yes,Yes
1382,36,65648,303113,311,Salaried,Yes,Yes
1383,57,29516,283103,589,Self-Employed,Yes,Yes
1384,42,22396,465872,653,Business,Yes,NO
1385,49,39129,105147,374,Salaried,Yes,NO
1386,34,21591,141396,740,Salaried,Yes,NO
1387,48,31303,492882,540,Salaried,Yes,Yes
1388,25,50561,350931,453,Business,Yes,NO
1389,50,91719,294839,395,Business,No,NO
1390,25,27314,71727,593,Business,No,NO
1391,32,39623,289423,508,Self-Employed,Yes,NO
1392,36,87675,145081,642,Self-Employed,No,NO
1393,46,85082,434865,387,Salaried,No,Yes
1394,46,53130,291130,689,Business,No,Yes
1395,41,71756,118056,624,Salaried,No,Yes
1396,59,46292,184153,456,Business,No,Yes
1397,56,89274,215268,436,Business,No,NO
1398,53,22469,217807,727,Business,Yes,Yes
1399,50,73947,285821,751,Self-Employed,No,NO
1400,57,42534,130102,440,Self-Employed,No,Yes
1401,43,83620,206570,382,Business,No,Yes
1402,30,68874,126865,476,Salaried,No,Yes
1403,25,69708,212728,497,Business,Yes,NO
1404,56,94553,117695,720,Business,Yes,NO
1405,54,88344,481116,700,Salaried,Yes,Yes
1406,51,69138,167235,770,Business,Yes,NO
1407,30,74302,490917,517,Salaried,No,Yes
1408,39,67638,158777,474,Self-Employed,Yes,Yes
1409,52,98249,69033,322,Self-Employed,Yes,Yes
1410,21,22719,191877,534,Salaried,Yes,NO
1411,25,42890,216923,312,Self-Employed,Yes,Yes
1412,24,97236,76832,400,Self-Employed,No,Yes
1413,36,56509,244509,835,Salaried,Yes,Yes
1414,44,62534,427869,822,Self-Employed,No,NO
1415,36,38787,195016,751,Business,Yes,Yes
1416,22,68845,332017,730,Business,No,NO
1417,48,77932,90372,832,Salaried,No,Yes
1418,52,53062,139464,592,Self-Employed,Yes,NO
1419,47,95713,196451,400,Business,Yes,Yes
1420,40,80461,167322,801,Business,Yes,Yes
1421,44,95418,217823,603,Self-Employed,Yes,NO
1422,32,86672,412226,839,Self-Employed,No,NO
1423,55,54832,270894,654,Business,No,Yes
1424,53,51966,317254,602,Business,Yes,NO
1425,53,92545,497557,795,Salaried,Yes,Yes
1426,57,32987,324231,526,Salaried,No,Yes
1427,32,57311,466978,535,Business,Yes,Yes
1428,23,51575,394761,754,Salaried,No,NO
1429,21,83852,150483,312,Business,Yes,Yes
1430,53,21007,59596,509,Business,No,NO
1431,30,90981,284627,696,Salaried,No,Yes
1432,49,96242,157539,399,Salaried,No,NO
1433,33,67517,68313,330,Self-Employed,No,NO
1434,32,49257,425319,827,Self-Employed,No,Yes
1435,51,62207,247621,628,Self-Employed,Yes,NO
1436,22,33281,164914,465,Business,No,Yes
1437,55,81246,73705,758,Salaried,Yes,Yes
1438,43,21435,248436,399,Business,No,Yes
1439,37,46660,385589,472,Salaried,No,Yes
1440,46,25084,153892,461,Business,Yes,Yes
1441,28,33507,259717,562,Self-Employed,Yes,NO
1442,49,92595,314167,573,Self-Employed,Yes,Yes
1443,46,65539,169654,302,Self-Employed,Yes,NO
1444,30,27491,240868,327,Business,No,NO
1445,46,70192,130073,625,Salaried,Yes,Yes
1446,54,83888,404341,448,Salaried,No,NO
1447,27,93609,114429,839,Self-Employed,Yes,Yes
1448,24,29077,154195,787,Self-Employed,Yes,NO
1449,31,40953,242699,737,Self-Employed,No,NO
1450,49,96919,83848,364,Self-Employed,No,NO
1451,56,87889,481020,655,Salaried,Yes,Yes
1452,45,43821,458595,832,Business,No,NO
1453,41,57567,339910,551,Business,No,Yes
1454,56,44860,118099,534,Business,No,NO
1455,30,41195,479276,526,Business,No,NO
1456,57,97475,119122,824,Self-Employed,No,NO
1457,29,41427,197159,612,Self-Employed,No,NO
1458,44,47083,98868,348,Self-Employed,No,Yes
1459,55,77372,169119,417,Business,No,Yes
1460,55,64064,466441,353,Self-Employed,Yes,NO
1461,56,27813,407430,343,Self-Employed,No,NO
1462,38,51598,318787,352,Salaried,Yes,Yes
1463,59,47082,348871,824,Salaried,No,Yes
1464,52,49241,454221,401,Self-Employed,No,Yes
1465,44,64569,159079,697,Salaried,No,Yes
1466,43,31745,377841,437,Salaried,No,NO
1467,52,46029,66029,686,Self-Employed,Yes,NO
1468,57,33025,296353,410,Self-Employed,Yes,Yes
1469,32,34288,457442,316,Self-Employed,No,Yes
1470,33,26540,244718,481,Self-Employed,Yes,Yes
1471,43,88878,471947,835,Business,No,Yes
1472,45,61846,421602,840,Business,No,Yes
1473,55,95932,422528,470,Self-Employed,Yes,Yes
1474,50,37482,118926,708,Salaried,Yes,NO
1475,37,43411,187069,677,Self-Employed,No,NO
1476,40,70975,367650,487,Self-Employed,No,NO
1477,45,80545,390373,529,Salaried,Yes,Yes
1478,42,98797,493031,418,Business,No,Yes
1479,33,72307,92092,455,Self-Employed,Yes,Yes
1480,39,23093,374683,764,Self-Employed,No,NO
1481,56,97258,202889,403,Business,No,Yes
1482,32,42042,218933,801,Business,Yes,Yes
1483,39,72930,63428,474,Salaried,Yes,NO
1484,32,64413,225006,720,Business,Yes,Yes
1485,29,53756,296627,433,Business,No,NO
1486,27,73268,295439,690,Business,No,NO
1487,48,59214,191330,800,Salaried,No,Yes
1488,34,48602,107775,332,Business,No,NO
1489,51,73331,262652,354,Business,Yes,Yes
1490,39,68901,317613,818,Salaried,No,NO
1491,36,83416,340998,311,Business,No,Yes
1492,25,52196,187328,827,Business,No,NO
1493,55,25626,305158,672,Salaried,Yes,Yes
1494,32,27424,126256,783,Self-Employed,No,NO
1495,45,32857,477153,527,Salaried,No,NO
1496,41,39982,411278,606,Business,Yes,NO
1497,56,96961,182723,756,Business,No,Yes
1498,43,21980,231360,459,Business,No,Yes
1499,36,68290,396874,630,Salaried,Yes,NO
1500,59,46431,468267,524,Business,No,Yes
1501,59,46385,339530,803,Business,No,NO
1502,34,58158,292634,755,Salaried,No,Yes
1503,51,43019,459400,344,Self-Employed,Yes,NO
1504,25,38639,83787,513,Self-Employed,No,Yes
1505,55,41563,71621,358,Business,No,NO
1506,43,59341,127984,494,Salaried,Yes,NO
1507,49,25776,488469,788,Business,Yes,NO
1508,31,56444,346195,456,Salaried,No,NO
1509,38,88916,361955,525,Salaried,No,Yes
1510,32,28711,80447,711,Self-Employed,No,NO
1511,29,94318,178046,504,Self-Employed,No,Yes
1512,30,50707,265002,378,Salaried,Yes,Yes
1513,37,59110,211326,423,Business,No,NO
1514,58,81788,396189,770,Self-Employed,Yes,Yes
1515,27,58827,166859,517,Business,Yes,Yes
1516,33,25655,238490,815,Self-Employed,No,Yes
1517,29,64859,457688,403,Self-Employed,No,NO
1518,47,73625,53471,692,Business,Yes,Yes
1519,22,72098,288404,733,Self-Employed,Yes,Yes
1520,25,35251,170312,630,Self-Employed,No,NO
1521,49,20526,276876,442,Business,Yes,NO
1522,57,88760,189401,839,Self-Employed,No,Yes
1523,58,67837,215937,577,Self-Employed,No,NO
1524,39,31536,96850,532,Self-Employed,Yes,Yes
1525,28,48541,366364,828,Business,Yes,Yes
1526,21,99083,293306,389,Salaried,No,Yes
1527,42,71027,143808,791,Business,Yes,NO
1528,37,54531,187469,498,Salaried,No,Yes
1529,27,28712,278981,661,Self-Employed,No,NO
1530,45,85455,216597,740,Salaried,No,NO
1531,24,94744,103072,325,Business,Yes,Yes
1532,56,25109,271178,324,Business,No,NO
1533,26,69268,133820,693,Self-Employed,No,NO
1534,51,74615,73284,806,Salaried,No,NO
1535,39,49759,133369,600,Self-Employed,No,NO
1536,59,80112,337266,638,Self-Employed,No,NO
1537,47,46589,442493,566,Business,No,Yes
1538,30,50015,382697,760,Salaried,No,NO
1539,46,49009,262978,755,Salaried,No,Yes
1540,39,82046,406932,659,Salaried,No,Yes
1541,59,46143,112812,367,Salaried,No,Yes
1542,23,26154,320143,711,Self-Employed,No,Yes
1543,33,41804,334580,790,Self-Employed,Yes,Yes
1544,48,61688,355107,348,Business,No,Yes
1545,40,84288,183168,401,Self-Employed,No,NO
1546,48,71195,294809,515,Self-Employed,No,NO
1547,28,40581,468495,737,Business,Yes,NO
1548,59,72648,302164,458,Business,No,Yes
1549,21,50087,421043,788,Business,Yes,NO
1550,23,69930,295317,541,Self-Employed,No,NO
1551,33,52981,338345,304,Self-Employed,No,NO
1552,48,89298,200787,660,Business,Yes,Yes
1553,45,66167,210381,758,Business,No,NO
1554,53,95304,196150,547,Business,Yes,Yes
1555,58,63408,499830,721,Self-Employed,Yes,NO
1556,26,59499,55105,314,Self-Employed,No,Yes
1557,52,72269,429810,421,Salaried,No,Yes
1558,41,58559,406992,576,Self-Employed,No,Yes
1559,36,94319,314983,752,Self-Employed,No,NO
1560,41,68787,118920,689,Self-Employed,Yes,NO
1561,31,55488,355763,593,Business,Yes,Yes
1562,57,94441,92821,745,Self-Employed,No,NO
1563,56,94663,175736,509,Business,Yes,Yes
1564,55,42431,456709,601,Salaried,Yes,Yes
1565,39,81681,67069,522,Salaried,No,NO
1566,40,83483,57531,302,Business,Yes,NO
1567,38,69153,480267,817,Business,Yes,NO
1568,34,26368,188808,392,Business,No,Yes
1569,35,47424,188782,819,Self-Employed,Yes,Yes
1570,51,65004,117155,727,Salaried,No,NO
1571,21,76985,457191,792,Business,Yes,Yes
1572,23,70069,112424,534,Self-Employed,No,NO
1573,36,72326,357747,460,Salaried,Yes,Yes
1574,43,43398,466468,630,Self-Employed,Yes,NO
1575,31,70861,182503,632,Salaried,No,NO
1576,32,95897,255675,349,Self-Employed,No,Yes
1577,30,88577,218553,822,Salaried,No,NO
1578,52,85641,404717,791,Salaried,No,NO
1579,36,29078,190629,571,Self-Employed,Yes,Yes
1580,28,45003,415446,551,Business,Yes,NO
1581,58,82768,181234,389,Salaried,Yes,Yes
1582,32,71047,477958,745,Business,No,NO
1583,44,91626,69675,631,Self-Employed,Yes,Yes
1584,48,77660,123997,438,Business,Yes,NO
1585,28,69786,198087,656,Business,No,NO
1586,48,21925,493273,573,Business,No,NO
1587,56,46015,475807,318,Business,Yes,NO
1588,46,53320,281390,610,Business,No,Yes
1589,28,84881,190905,453,Salaried,Yes,Yes
1590,48,46289,320040,689,Salaried,Yes,Yes
1591,48,23389,476188,559,Salaried,No,Yes
1592,57,45683,361877,424,Self-Employed,Yes,Yes
1593,56,33629,301435,653,Business,No,Yes
1594,47,81550,91800,572,Salaried,No,Yes
1595,37,44826,146044,544,Self-Employed,Yes,NO
1596,29,46630,317491,749,Salaried,Yes,NO
1597,53,66163,240135,546,Salaried,Yes,NO
1598,40,86435,183715,819,Business,No,NO
1599,33,31653,352929,440,Self-Employed,Yes,Yes
1600,48,47961,330825,661,Business,No,Yes
1601,49,94137,493242,307,Business,No,Yes
1602,33,53662,416008,777,Salaried,Yes,NO
1603,55,76446,459108,651,Business,No,Yes
1604,26,41288,359443,794,Self-Employed,Yes,NO
1605,38,56877,67073,726,Business,Yes,Yes
1606,25,35313,414448,338,Business,Yes,Yes
1607,45,92715,80682,486,Business,Yes,Yes
1608,22,30326,278870,392,Salaried,Yes,Yes
1609,30,21560,277966,385,Self-Employed,Yes,NO
1610,50,99148,436446,343,Salaried,Yes,NO
1611,25,46745,457505,436,Salaried,No,Yes
1612,53,51890,165359,720,Salaried,Yes,NO
1613,21,40022,451143,373,Salaried,No,Yes
1614,38,72579,491546,847,Salaried,No,Yes
1615,52,90316,116707,811,Self-Employed,No,Yes
1616,31,48380,301351,455,Business,Yes,Yes
1617,41,22356,288511,554,Salaried,No,NO
1618,46,90326,285718,470,Salaried,No,Yes
1619,45,40049,115428,469,Self-Employed,Yes,Yes
1620,42,95717,100601,621,Self-Employed,Yes,NO
1621,47,36082,445755,755,Business,No,Yes
1622,33,20661,161487,454,Self-Employed,Yes,NO
1623,53,57412,203741,648,Business,Yes,Yes
1624,54,22920,463860,750,Salaried,Yes,Yes
1625,55,80315,461961,472,Salaried,Yes,Yes
1626,21,99561,301924,309,Business,No,Yes
1627,41,28946,309153,564,Self-Employed,Yes,Yes
1628,26,65500,340372,737,Business,Yes,Yes
1629,48,36309,299430,546,Self-Employed,Yes,NO
1630,37,75230,477737,845,Salaried,No,Yes
1631,25,50027,172788,798,Self-Employed,No,NO
1632,51,92541,147239,428,Business,Yes,NO
1633,25,79321,76928,626,Business,Yes,Yes
1634,58,20956,330466,703,Salaried,No,NO
1635,23,94131,400040,658,Self-Employed,Yes,Yes
1636,43,67908,112292,316,Self-Employed,Yes,NO
1637,57,98339,79055,573,Self-Employed,No,Yes
1638,57,45963,355035,415,Salaried,Yes,NO
1639,30,59443,131912,390,Self-Employed,Yes,NO
1640,30,59063,187660,381,Business,No,Yes
1641,39,24703,402680,623,Self-Employed,No,NO
1642,37,85128,318448,413,Salaried,Yes,Yes
1643,41,92099,57345,357,Self-Employed,No,Yes
1644,34,45849,210372,453,Self-Employed,Yes,Yes
1645,29,51860,467475,703,Business,Yes,Yes
1646,21,51585,141006,565,Self-Employed,Yes,Yes
1647,33,42015,458568,614,Business,No,NO
1648,24,97539,179350,340,Business,No,NO
1649,21,63585,214437,404,Salaried,Yes,NO
1650,52,46958,331590,492,Business,Yes,Yes
1651,54,46017,314480,700,Business,No,NO
1652,48,96707,374176,577,Salaried,No,NO
1653,51,65350,256487,653,Business,No,NO
1654,28,32201,147852,555,Salaried,Yes,NO
1655,59,49426,188593,398,Self-Employed,No,NO
1656,46,37778,252779,581,Salaried,No,Yes
1657,54,65241,204553,702,Business,Yes,Yes
1658,23,62229,330618,408,Salaried,Yes,NO
1659,32,68364,227832,498,Business,Yes,Yes
1660,21,77056,367862,602,Self-Employed,No,Yes
1661,25,47490,356773,626,Salaried,Yes,NO
1662,50,39975,95232,453,Self-Employed,Yes,NO
1663,50,46723,398688,704,Business,Yes,Yes
1664,37,43279,309013,761,Business,Yes,NO
1665,43,98301,362813,431,Self-Employed,No,Yes
1666,35,31561,259093,383,Salaried,Yes,Yes
1667,57,86061,381328,698,Salaried,No,NO
1668,41,69153,229017,408,Business,No,Yes
1669,34,53142,63140,520,Self-Employed,No,Yes
1670,22,46916,438612,667,Self-Employed,Yes,Yes
1671,31,84324,133457,446,Salaried,No,NO
1672,59,64965,64357,411,Salaried,Yes,NO
1673,58,24648,161672,793,Salaried,Yes,NO
1674,54,55133,380817,804,Self-Employed,Yes,NO
1675,58,70677,171673,774,Salaried,No,Yes
1676,54,90135,115633,570,Salaried,Yes,NO
1677,38,55046,258015,720,Business,Yes,NO
1678,50,67064,146111,666,Salaried,Yes,NO
1679,35,89350,390402,579,Salaried,No,NO
1680,47,65893,456140,582,Self-Employed,No,Yes
1681,54,81272,119286,339,Self-Employed,No,Yes
1682,58,87649,143269,488,Business,Yes,Yes
1683,53,84674,308635,463,Salaried,No,NO
1684,44,33760,124071,835,Business,Yes,NO
1685,35,41927,271095,835,Self-Employed,Yes,Yes
1686,50,81367,80651,303,Business,No,NO
1687,37,32588,120202,589,Self-Employed,Yes,NO
1688,25,72233,98777,732,Business,No,Yes
1689,49,64738,198066,770,Business,Yes,Yes
1690,24,53397,379407,480,Salaried,No,NO
1691,30,96367,240706,547,Business,Yes,NO
1692,37,91260,150158,578,Salaried,Yes,NO
1693,30,96619,322944,553,Salaried,Yes,Yes
1694,37,39816,349967,480,Salaried,Yes,Yes
1695,40,62240,289647,808,Salaried,Yes,Yes
1696,44,26276,376022,625,Business,No,Yes
1697,25,99530,330852,656,Self-Employed,Yes,NO
1698,54,43499,193891,690,Self-Employed,No,Yes
1699,26,91635,255977,384,Self-Employed,No,Yes
1700,22,55946,113870,616,Business,No,NO
1701,33,75204,59283,511,Salaried,Yes,NO
1702,31,71886,211645,814,Self-Employed,Yes,NO
1703,43,91652,390851,683,Business,Yes,Yes
1704,36,35563,474149,641,Salaried,No,NO
1705,51,29847,55774,337,Self-Employed,Yes,NO
1706,31,46155,253127,810,Salaried,Yes,Yes
1707,36,99671,192055,719,Self-Employed,No,Yes
1708,28,87278,146468,468,Self-Employed,No,NO
1709,24,38309,408478,642,Self-Employed,No,Yes
1710,24,20619,330277,605,Salaried,No,NO
1711,45,70108,458155,841,Business,No,NO
1712,23,54707,50781,836,Salaried,No,Yes
1713,52,40337,164586,411,Self-Employed,Yes,NO
1714,23,86504,499916,710,Salaried,No,Yes
1715,47,67614,339768,505,Business,Yes,Yes
1716,49,20281,56823,484,Salaried,Yes,Yes
1717,52,47420,68489,681,Business,Yes,NO
1718,39,59030,221033,795,Business,No,Yes
1719,41,21058,341262,678,Salaried,Yes,Yes
1720,25,96260,150417,346,Self-Employed,No,NO
1721,38,48404,131816,827,Business,No,NO
1722,48,49856,203335,803,Salaried,Yes,NO
1723,42,29200,325709,321,Business,No,NO
1724,41,84178,201426,512,Self-Employed,Yes,Yes
1725,26,53997,224023,609,Salaried,Yes,Yes
1726,21,45611,403323,571,Salaried,No,Yes
1727,25,61235,73648,501,Salaried,Yes,NO
1728,32,55057,493945,331,Self-Employed,Yes,NO
1729,46,21239,91971,742,Business,Yes,Yes
1730,54,85661,68658,461,Salaried,No,NO
1731,34,65272,71253,553,Business,Yes,NO
1732,46,81212,229635,820,Business,No,Yes
1733,47,35398,207462,779,Self-Employed,No,Yes
1734,29,76503,400808,309,Salaried,Yes,NO
1735,46,26638,232650,804,Business,Yes,NO
1736,42,26570,260097,735,Salaried,No,NO
1737,50,88785,153850,410,Salaried,No,Yes
1738,37,29110,475874,452,Self-Employed,Yes,Yes
1739,46,99141,187924,401,Salaried,Yes,Yes
1740,56,32115,276058,490,Salaried,No,Yes
1741,21,59062,183623,380,Business,No,Yes
1742,28,42911,384091,788,Self-Employed,No,NO
1743,55,52556,111001,387,Salaried,No,NO
1744,35,98131,230231,493,Business,No,NO
1745,42,21969,172775,403,Self-Employed,Yes,Yes
1746,34,63753,494923,395,Self-Employed,No,Yes
1747,46,24470,83243,722,Business,No,Yes
1748,48,30225,202872,497,Business,Yes,NO
1749,43,43196,388083,300,Business,Yes,Yes
1750,34,33669,369972,706,Business,No,Yes
1751,44,57380,311716,677,Business,No,NO
1752,22,68320,450455,466,Salaried,Yes,Yes
1753,46,67414,318854,808,Salaried,No,NO
1754,34,35577,464600,612,Self-Employed,No,Yes
1755,27,75409,464254,717,Salaried,Yes,Yes
1756,23,48625,221918,776,Salaried,No,NO
1757,43,44089,269055,372,Salaried,Yes,NO
1758,38,56487,350135,440,Business,Yes,NO
1759,58,85838,260129,561,Self-Employed,Yes,NO
1760,55,70138,450187,639,Self-Employed,Yes,NO
1761,35,62823,472355,607,Self-Employed,No,NO
1762,45,57208,397589,544,Self-Employed,Yes,Yes
1763,57,74061,258139,814,Salaried,No,Yes
1764,48,50659,130257,636,Salaried,No,NO
1765,30,51890,349855,375,Business,No,Yes
1766,59,99134,56530,474,Self-Employed,No,NO
1767,37,67055,323260,408,Salaried,No,Yes
1768,59,39508,115794,482,Salaried,Yes,NO
1769,42,62287,443498,491,Business,Yes,Yes
1770,46,98916,260545,364,Business,Yes,Yes
1771,45,46984,182970,773,Business,Yes,Yes
1772,37,28125,54135,399,Salaried,No,Yes
1773,33,56059,449845,843,Salaried,Yes,Yes
1774,40,89569,421616,427,Business,No,NO
1775,45,37087,437291,751,Self-Employed,No,NO
1776,24,25704,300870,668,Business,Yes,NO
1777,30,80576,139087,342,Business,Yes,Yes
1778,23,93384,246103,718,Business,Yes,NO
1779,38,92460,345524,787,Business,Yes,Yes
1780,56,47208,442095,377,Salaried,No,Yes
1781,42,86024,329215,569,Self-Employed,No,Yes
1782,54,59882,70074,614,Business,Yes,NO
1783,28,45923,271796,467,Self-Employed,No,Yes
1784,39,49165,117843,638,Self-Employed,No,NO
1785,57,87203,89901,492,Self-Employed,No,NO
1786,26,24114,323349,752,Business,Yes,Yes
1787,46,84965,498877,582,Salaried,No,Yes
1788,54,56321,436805,635,Business,Yes,NO
1789,26,93297,318050,689,Self-Employed,Yes,NO
1790,57,45426,445807,824,Self-Employed,No,NO
1791,53,37772,437720,539,Salaried,No,NO
1792,42,23712,112987,782,Business,Yes,NO
1793,41,21367,392829,757,Self-Employed,No,NO
1794,26,71924,422598,388,Salaried,No,Yes
1795,26,23726,417631,394,Self-Employed,Yes,NO
1796,24,47723,104400,751,Salaried,Yes,NO
1797,50,29108,206222,727,Salaried,Yes,NO
1798,31,97714,81852,450,Business,Yes,NO
1799,50,55643,486086,813,Self-Employed,No,Yes
1800,51,51324,364900,675,Business,No,Yes
1801,44,28927,427501,321,Self-Employed,Yes,NO
1802,29,42443,169052,612,Business,Yes,NO
1803,23,99973,106481,818,Self-Employed,Yes,NO
1804,51,83449,313427,505,Business,No,Yes
1805,57,96743,83691,674,Salaried,Yes,Yes
1806,56,80233,444341,750,Self-Employed,No,Yes
1807,44,45537,248137,478,Self-Employed,Yes,Yes
1808,51,97576,76170,509,Salaried,Yes,Yes
1809,26,42612,58438,799,Business,Yes,Yes
1810,22,26471,332239,763,Self-Employed,No,NO
1811,40,55631,197226,423,Self-Employed,No,Yes
1812,48,51348,451220,412,Business,No,Yes
1813,31,84732,321896,311,Salaried,Yes,NO
1814,24,21177,105426,425,Business,No,Yes
1815,35,24760,289968,630,Business,No,NO
1816,26,52779,338963,582,Business,Yes,Yes
1817,50,41636,404195,439,Self-Employed,Yes,NO
1818,58,73551,205289,700,Salaried,No,NO
1819,22,31556,311501,396,Salaried,No,NO
1820,35,47598,269780,816,Business,No,NO
1821,31,31563,345138,368,Self-Employed,No,NO
1822,28,66819,196108,417,Business,Yes,Yes
1823,46,93770,258347,358,Self-Employed,Yes,Yes
1824,25,46966,147756,332,Self-Employed,Yes,NO
1825,26,79889,492632,617,Self-Employed,No,NO
1826,46,46987,452803,349,Self-Employed,No,NO
1827,24,98714,145665,788,Salaried,Yes,Yes
1828,39,78348,181717,318,Self-Employed,Yes,NO
1829,40,44596,212002,496,Self-Employed,No,NO
1830,53,53174,311691,749,Business,No,NO
1831,40,84106,131835,751,Business,Yes,NO
1832,32,89967,172232,588,Salaried,Yes,Yes
1833,21,79182,473306,440,Business,Yes,NO
1834,46,59310,268561,383,Self-Employed,No,NO
1835,34,76088,495358,690,Business,No,Yes
1836,58,28906,293051,514,Salaried,No,NO
1837,57,56914,207547,825,Business,No,NO
1838,31,65379,462104,514,Business,No,Yes
1839,56,98612,93732,702,Salaried,No,Yes
1840,33,57650,262695,427,Salaried,Yes,Yes
1841,23,66881,358449,776,Self-Employed,Yes,NO
1842,53,66413,227109,703,Business,No,NO
1843,26,26012,59346,328,Self-Employed,Yes,Yes
1844,30,70115,312731,637,Business,No,Yes
1845,25,27151,62763,660,Business,Yes,Yes
1846,43,77716,240237,691,Self-Employed,No,NO
1847,30,56378,288553,517,Business,Yes,NO
1848,22,62652,381759,501,Business,Yes,Yes
1849,33,92430,479332,316,Business,No,NO
1850,22,33467,170987,621,Salaried,No,Yes
1851,40,51010,266823,817,Self-Employed,Yes,NO
1852,21,74691,141353,624,Salaried,Yes,NO
1853,57,84157,271373,711,Self-Employed,No,NO
1854,29,32289,407792,617,Self-Employed,Yes,NO
1855,37,64976,75556,381,Business,No,Yes
1856,29,63596,371186,773,Self-Employed,No,NO
1857,31,43171,68099,767,Salaried,Yes,NO
1858,35,64139,421233,724,Salaried,No,Yes
1859,44,68713,226168,503,Salaried,Yes,NO
1860,58,49734,253058,686,Self-Employed,Yes,Yes
1861,55,92588,194302,397,Salaried,No,Yes
1862,50,83646,472225,644,Self-Employed,Yes,NO
1863,51,23654,252041,507,Salaried,No,NO
1864,25,38743,83866,813,Salaried,No,Yes
1865,34,68368,155400,465,Self-Employed,No,Yes
1866,31,94172,396390,321,Salaried,Yes,Yes
1867,29,26441,389119,453,Business,No,NO
1868,54,44611,485071,738,Self-Employed,Yes,Yes
1869,32,32149,393701,594,Self-Employed,No,Yes
1870,55,79189,187488,518,Self-Employed,No,Yes
1871,55,41675,122516,794,Business,No,NO
1872,21,91031,236987,529,Self-Employed,Yes,Yes
1873,42,62668,461274,319,Salaried,Yes,NO
1874,49,33673,483934,447,Salaried,No,NO
1875,28,96666,344746,407,Salaried,No,Yes
1876,31,85429,239139,702,Self-Employed,Yes,NO
1877,57,43669,208588,782,Salaried,Yes,Yes
1878,34,54068,179295,666,Self-Employed,Yes,NO
1879,50,29435,137969,713,Salaried,No,NO
1880,55,72249,182161,608,Business,Yes,Yes
1881,41,57384,480562,433,Business,No,Yes
1882,57,96153,255735,582,Business,Yes,Yes
1883,25,95388,191559,372,Business,No,NO
1884,39,51401,312299,780,Self-Employed,No,NO
1885,34,91831,173950,651,Salaried,No,Yes
1886,46,54084,379638,625,Business,Yes,Yes
1887,24,75826,126229,742,Self-Employed,Yes,NO
1888,45,56451,154648,399,Business,Yes,NO
1889,45,27227,88547,358,Business,No,NO
1890,38,51910,78795,807,Self-Employed,No,Yes
1891,28,56041,236368,557,Self-Employed,Yes,NO
1892,59,85681,71447,712,Salaried,No,Yes
1893,34,85481,217670,751,Salaried,No,NO
1894,52,88576,485030,364,Business,No,NO
1895,58,84174,271823,453,Business,Yes,Yes
1896,53,46160,306190,565,Salaried,No,Yes
1897,43,37633,256402,378,Salaried,Yes,Yes
1898,35,37014,302419,614,Self-Employed,Yes,NO
1899,53,69104,279817,547,Salaried,Yes,NO
1900,45,61621,400104,713,Salaried,Yes,NO
1901,37,97231,375422,324,Business,Yes,Yes
1902,53,88388,105077,583,Salaried,No,NO
1903,22,36014,162782,748,Business,Yes,Yes
1904,34,53755,152932,600,Salaried,Yes,Yes
1905,59,60390,452744,367,Self-Employed,Yes,Yes
1906,26,43711,493316,306,Salaried,No,NO
1907,26,77993,422013,436,Salaried,No,NO
1908,23,94696,451395,463,Salaried,No,Yes
1909,27,47213,360925,382,Business,No,NO
1910,28,77784,236339,719,Self-Employed,Yes,Yes
1911,35,27421,467168,372,Salaried,Yes,Yes
1912,49,37727,365942,536,Business,No,NO
1913,53,24358,148696,345,Self-Employed,No,Yes
1914,50,85108,100939,561,Business,No,Yes
1915,59,52117,341660,475,Business,No,NO
1916,47,51910,237598,465,Self-Employed,Yes,Yes
1917,56,75754,191521,669,Salaried,No,Yes
1918,49,82438,100290,353,Business,No,Yes
1919,58,49371,438832,718,Business,No,Yes
1920,53,71501,398805,806,Salaried,No,Yes
1921,57,80946,385098,640,Salaried,No,Yes
1922,47,58467,334890,426,Self-Employed,No,Yes
1923,53,37625,117990,708,Self-Employed,No,NO
1924,24,53893,108810,666,Self-Employed,Yes,NO
1925,42,96329,168362,570,Salaried,Yes,Yes
1926,22,51007,196295,678,Business,Yes,Yes
1927,30,59532,183669,372,Business,Yes,NO
1928,25,74253,246749,547,Self-Employed,Yes,NO
1929,30,32323,314803,342,Salaried,Yes,NO
1930,53,93379,136516,676,Business,No,NO
1931,58,34210,124567,340,Self-Employed,No,NO
1932,33,36456,327181,469,Business,Yes,Yes
1933,51,51367,176498,511,Business,No,NO
1934,56,74624,227810,792,Salaried,Yes,NO
1935,44,30106,62109,338,Salaried,No,NO
1936,35,88008,334154,668,Business,No,Yes
1937,49,92240,320931,450,Self-Employed,No,Yes
1938,28,84315,289472,410,Salaried,No,Yes
1939,25,89249,189544,779,Business,No,Yes
1940,49,90587,296183,735,Salaried,No,Yes
1941,24,30756,204455,346,Salaried,Yes,Yes
1942,32,88011,373853,665,Salaried,Yes,NO
1943,22,56378,294325,368,Business,No,Yes
1944,47,24255,84518,598,Self-Employed,Yes,Yes
1945,51,34484,103909,595,Self-Employed,No,NO
1946,56,76549,330495,502,Self-Employed,Yes,Yes
1947,56,54503,250696,360,Salaried,No,NO
1948,46,93794,496546,613,Business,Yes,NO
1949,47,65113,65282,460,Salaried,No,Yes
1950,25,94069,289017,630,Self-Employed,Yes,NO
1951,40,25249,464994,827,Self-Employed,No,NO
1952,31,39201,467480,637,Business,Yes,NO
1953,30,78576,317219,603,Salaried,No,NO
1954,58,29686,229526,802,Self-Employed,No,Yes
1955,26,73363,78365,637,Business,No,NO
1956,28,20661,491416,849,Salaried,Yes,Yes
1957,43,64843,323146,574,Salaried,Yes,NO
1958,46,80963,326091,463,Self-Employed,Yes,NO
1959,32,62828,260294,742,Self-Employed,No,NO
1960,46,68604,406984,618,Salaried,Yes,Yes
1961,33,30526,166219,803,Salaried,No,Yes
1962,38,88910,390754,686,Self-Employed,Yes,Yes
1963,45,45592,364286,793,Salaried,Yes,NO
1964,53,48982,106307,789,Self-Employed,Yes,NO
1965,32,20207,185565,372,Salaried,Yes,NO
1966,56,88619,305095,808,Self-Employed,No,NO
1967,24,49328,362229,689,Business,Yes,Yes
1968,25,66479,84228,594,Self-Employed,Yes,NO
1969,57,40103,260748,668,Self-Employed,No,Yes
1970,28,59891,495091,848,Business,No,NO
1971,48,30754,474871,486,Salaried,Yes,Yes
1972,51,92982,93472,744,Business,Yes,Yes
1973,29,75922,361581,662,Self-Employed,No,NO
1974,49,68231,492632,422,Salaried,No,NO
1975,34,49301,371855,487,Business,No,Yes
1976,42,82711,187888,719,Salaried,Yes,NO
1977,31,61323,127175,551,Salaried,Yes,NO
1978,43,38752,114307,848,Business,Yes,Yes
1979,21,33395,358877,634,Salaried,No,Yes
1980,57,76273,440346,391,Business,No,Yes
1981,41,24895,145028,829,Self-Employed,No,Yes
1982,46,96559,192312,362,Salaried,Yes,NO
1983,56,30699,142493,811,Self-Employed,No,Yes
1984,43,85061,175149,438,Self-Employed,Yes,Yes
1985,21,29715,279416,484,Salaried,No,Yes
1986,35,39169,252435,504,Business,Yes,NO
1987,41,36163,213834,513,Salaried,Yes,Yes
1988,29,25782,320403,555,Self-Employed,No,NO
1989,29,55585,231211,434,Self-Employed,Yes,Yes
1990,30,50682,440919,387,Business,No,Yes
1991,46,67864,326993,506,Salaried,Yes,NO
1992,55,75114,393912,428,Self-Employed,No,Yes
1993,45,58067,418252,302,Self-Employed,No,Yes
1994,46,62685,401853,420,Self-Employed,Yes,NO
1995,31,38073,367013,684,Business,No,Yes
1996,58,56035,439032,337,Self-Employed,Yes,Yes
1997,22,84977,113095,640,Self-Employed,No,Yes
1998,27,85450,167886,320,Salaried,No,Yes
1999,38,30382,383054,541,Salaried,No,NO
2000,47,24437,335711,754,Self-Employed,No,Yes
